sequence_index,anomaly_score,max_severity_score,max_severity_level,avg_severity_score,critical_count,high_count,medium_count,low_count,priority,sample_messages,risk_score,risk_level,log_count,log_levels
91018,1.4405631517362387,1,LOW,0.06666666666666667,0,0,0,1,100,"JDBC Connection [HikariProxyConnection@895249794 wrapping org.postgresql.jdbc.PgConnection@1f58e22] will not be managed by Spring | [channel=0xa4dd9102, /192.168.0.54:34110 -> 192.168.0.54/192.168.0.54:6379, epid=0x1] write() writeAndFlush command AsyncCommand [type=GET, output=ValueOutput [output=null, error='null'], commandType=io.lettuce.core.protocol.Command] | Committing JDBC Connection [HikariProxyConnection@2100847613 wrapping org.postgresql.jdbc.PgConnection@1ea85379]",93.43378910417432,CRITICAL,15,"INFO, DEBUG"
91017,1.4405631517362387,1,LOW,0.06666666666666667,0,0,0,1,109,"==> Parameters: 5(String), null, null | JDBC Connection [HikariProxyConnection@895249794 wrapping org.postgresql.jdbc.PgConnection@1f58e22] will not be managed by Spring | [channel=0xa4dd9102, /192.168.0.54:34110 -> 192.168.0.54/192.168.0.54:6379, epid=0x1] write() writeAndFlush command AsyncCommand [type=GET, output=ValueOutput [output=null, error='null'], commandType=io.lettuce.core.protocol.Command]",93.43378910417432,CRITICAL,15,"INFO, DEBUG"
90816,1.290095543235331,1,LOW,0.2,0,0,0,3,133,"[channel=0x0b6f384b, /192.168.0.54:58514 -> 192.168.0.54/192.168.0.54:6379, epid=0x1] write() writeAndFlush command AsyncCommand [type=GET, output=ValueOutput [output=null, error='null'], commandType=io.lettuce.core.protocol.Command] | Creating a new SqlSession | Closing non transactional SqlSession [org.apache.ibatis.session.defaults.DefaultSqlSession@66348728]",84.40573259411985,CRITICAL,15,"INFO, DEBUG"
54715,1.5829474422433052,1,LOW,0.13333333333333333,0,0,0,2,137,"extracted value ([col_3_0_] : [VARCHAR]) - [N] | extracted value ([col_3_0_] : [VARCHAR]) - [N] | [channel=0xf3fa6295, /192.168.0.54:57794 -> 192.168.0.54/192.168.0.54:6379, epid=0x1] write() writeAndFlush command AsyncCommand [type=GET, output=ValueOutput [output=null, error='null'], commandType=io.lettuce.core.protocol.Command]",101.97684653459831,CRITICAL,15,"TRACE, INFO, DEBUG"
54716,1.5829474422433052,1,LOW,0.13333333333333333,0,0,0,2,138,"extracted value ([col_3_0_] : [VARCHAR]) - [N] | [channel=0xf3fa6295, /192.168.0.54:57794 -> 192.168.0.54/192.168.0.54:6379, epid=0x1] write() writeAndFlush command AsyncCommand [type=GET, output=ValueOutput [output=null, error='null'], commandType=io.lettuce.core.protocol.Command] | [channel=0xf3fa6295, /192.168.0.54:57794 -> 192.168.0.54/192.168.0.54:6379, epid=0x1, chid=0x1] Stack contains: 1 commands",101.97684653459831,CRITICAL,15,"TRACE, INFO, DEBUG"
54717,1.5829474422433052,1,LOW,0.13333333333333333,0,0,0,2,139,"[channel=0xf3fa6295, /192.168.0.54:57794 -> 192.168.0.54/192.168.0.54:6379, epid=0x1] write() writeAndFlush command AsyncCommand [type=GET, output=ValueOutput [output=null, error='null'], commandType=io.lettuce.core.protocol.Command] | [channel=0xf3fa6295, /192.168.0.54:57794 -> 192.168.0.54/192.168.0.54:6379, epid=0x1, chid=0x1] Stack contains: 1 commands | extracted value ([col_2_0_] : [VARCHAR]) - [분양자원관리]",101.97684653459831,CRITICAL,15,"TRACE, INFO, DEBUG"
90815,1.290095543235331,1,LOW,0.2,0,0,0,3,144,"[channel=0x0b6f384b, /192.168.0.54:58514 -> 192.168.0.54/192.168.0.54:6379, epid=0x1, chid=0x1] Completing command AsyncCommand [type=GET, output=ValueOutput [output=[B@2503c2aa, error='null'], commandType=io.lettuce.core.protocol.Command] | [channel=0x0b6f384b, /192.168.0.54:58514 -> 192.168.0.54/192.168.0.54:6379, epid=0x1] write() writeAndFlush command AsyncCommand [type=GET, output=ValueOutput [output=null, error='null'], commandType=io.lettuce.core.protocol.Command] | Creating a new SqlSession",84.40573259411985,CRITICAL,15,"INFO, DEBUG"
90814,1.290095543235331,1,LOW,0.2,0,0,0,3,157,"[channel=0x0b6f384b, /192.168.0.54:58514 -> 192.168.0.54/192.168.0.54:6379, epid=0x1, chid=0x1] write(ctx, AsyncCommand [type=GET, output=ValueOutput [output=null, error='null'], commandType=io.lettuce.core.protocol.Command], promise) | [channel=0x0b6f384b, /192.168.0.54:58514 -> 192.168.0.54/192.168.0.54:6379, epid=0x1, chid=0x1] Completing command AsyncCommand [type=GET, output=ValueOutput [output=[B@2503c2aa, error='null'], commandType=io.lettuce.core.protocol.Command] | [channel=0x0b6f384b, /192.168.0.54:58514 -> 192.168.0.54/192.168.0.54:6379, epid=0x1] write() writeAndFlush command AsyncCommand [type=GET, output=ValueOutput [output=null, error='null'], commandType=io.lettuce.core.protocol.Command]",84.40573259411985,CRITICAL,15,"INFO, DEBUG"
90813,1.290095543235331,1,LOW,0.2,0,0,0,3,158,"dispatching command AsyncCommand [type=GET, output=ValueOutput [output=null, error='null'], commandType=io.lettuce.core.protocol.Command] | [channel=0x0b6f384b, /192.168.0.54:58514 -> 192.168.0.54/192.168.0.54:6379, epid=0x1, chid=0x1] write(ctx, AsyncCommand [type=GET, output=ValueOutput [output=null, error='null'], commandType=io.lettuce.core.protocol.Command], promise) | [channel=0x0b6f384b, /192.168.0.54:58514 -> 192.168.0.54/192.168.0.54:6379, epid=0x1, chid=0x1] Completing command AsyncCommand [type=GET, output=ValueOutput [output=[B@2503c2aa, error='null'], commandType=io.lettuce.core.protocol.Command]",84.40573259411985,CRITICAL,15,"INFO, DEBUG"
84349,1.6172776720694966,1,LOW,0.06666666666666667,0,0,0,1,253,"[channel=0x723e3117, /192.168.0.54:38456 -> 192.168.0.54/192.168.0.54:6379] writing command AsyncCommand [type=GET, output=ValueOutput [output=null, error='null'], commandType=io.lettuce.core.protocol.Command] | Completed cache refresh task for discovery. All Apps hash code is Local region apps hashcode: UP_7_, is fetching remote regions? false | Creating a new SqlSession",104.03666032416979,CRITICAL,15,"TRACE, INFO, DEBUG"
84348,1.5639671807878732,1,LOW,0.06666666666666667,0,0,0,1,254,"[channel=0x723e3117, /192.168.0.54:38456 -> 192.168.0.54/192.168.0.54:6379, epid=0x1] write() writeAndFlush command AsyncCommand [type=GET, output=ValueOutput [output=null, error='null'], commandType=io.lettuce.core.protocol.Command] | [channel=0x723e3117, /192.168.0.54:38456 -> 192.168.0.54/192.168.0.54:6379] writing command AsyncCommand [type=GET, output=ValueOutput [output=null, error='null'], commandType=io.lettuce.core.protocol.Command] | Completed cache refresh task for discovery. All Apps hash code is Local region apps hashcode: UP_7_, is fetching remote regions? false",100.83803084727239,CRITICAL,15,"TRACE, INFO, DEBUG"
84342,1.89449341880108,1,LOW,0.06666666666666667,0,0,0,1,259,"doFilterInternal :::: null // null | Creating a new SqlSession | [channel=0x723e3117, /192.168.0.54:38456 -> 192.168.0.54/192.168.0.54:6379] writing command AsyncCommand [type=GET, output=ValueOutput [output=null, error='null'], commandType=io.lettuce.core.protocol.Command]",120.6696051280648,CRITICAL,15,"INFO, DEBUG"
5372,2.724382412180263,1,LOW,0.06666666666666667,0,0,0,1,350,Got delta update with apps hashcode UP_5_ |  | ,112.97529648721053,CRITICAL,15,"TRACE, INFO, DEBUG"
5370,2.724382412180263,1,LOW,0.06666666666666667,0,0,0,1,392,"Completed cache refresh task for discovery. All Apps hash code is Local region apps hashcode: UP_5_, is fetching remote regions? false |  | Got delta update with apps hashcode UP_5_",112.97529648721053,CRITICAL,15,"TRACE, INFO, DEBUG"
5371,2.724382412180263,1,LOW,0.06666666666666667,0,0,0,1,400, | Got delta update with apps hashcode UP_5_ | ,112.97529648721053,CRITICAL,15,"TRACE, INFO, DEBUG"
48620,1.2869403238710182,1,LOW,0.06666666666666667,0,0,0,1,408,"[channel=0xcbfd2753, /192.168.0.54:52056 -> 192.168.0.54/192.168.0.54:6379, epid=0x1] write() done | [channel=0xcbfd2753, /192.168.0.54:52056 -> 192.168.0.54/192.168.0.54:6379, epid=0x1, chid=0x1] Completing command AsyncCommand [type=GET, output=ValueOutput [output=null, error='null'], commandType=io.lettuce.core.protocol.Command] | doFilterInternal :::: ZWRhNzQ0Y2EtNTRlMS00N2Q2LThhNzAtOWIwMWViOGU1YjJl // eda744ca-54e1-47d6-8a70-9b01eb8e5b2e",84.21641943226109,CRITICAL,15,"INFO, DEBUG"
46072,2.724382412180263,1,LOW,0.06666666666666667,0,0,0,1,413,"Decode done, empty stack: true | Config resolved to [AwsEndpoint{ serviceUrl='http://192.168.0.54:9102/eureka/', region='us-east-1', zone='defaultZone'}] | ",112.97529648721053,CRITICAL,15,"INFO, DEBUG"
46073,2.724382412180263,1,LOW,0.06666666666666667,0,0,0,1,414,"Config resolved to [AwsEndpoint{ serviceUrl='http://192.168.0.54:9102/eureka/', region='us-east-1', zone='defaultZone'}] |  | Pinning to endpoint null",112.97529648721053,CRITICAL,15,"INFO, DEBUG"
463,2.724382412180263,1,LOW,0.2,0,0,0,3,458, |  | The total number of instances fetched by the delta processor : 0,112.97529648721053,CRITICAL,15,"TRACE, INFO, DEBUG"
98307,1.4002027424166419,1,LOW,0.06666666666666667,0,0,0,1,475,"[channel=0xbf4318b8, /192.168.0.54:41470 -> 192.168.0.54/192.168.0.54:6379] writing command AsyncCommand [type=SETEX, output=StatusOutput [output=null, error='null'], commandType=io.lettuce.core.protocol.Command] | 🛰️ Accept-Language: ko | Converted value on extraction: manager -> kr.re.bbp.code.CodeValue@31c91222",91.01216454499851,CRITICAL,15,"INFO, DEBUG"
98306,1.2869403238710182,1,LOW,0.06666666666666667,0,0,0,1,476,"Closing non transactional SqlSession [org.apache.ibatis.session.defaults.DefaultSqlSession@5a37f3dc] | [channel=0xbf4318b8, /192.168.0.54:41470 -> 192.168.0.54/192.168.0.54:6379] writing command AsyncCommand [type=SETEX, output=StatusOutput [output=null, error='null'], commandType=io.lettuce.core.protocol.Command] | 🛰️ Accept-Language: ko",84.21641943226109,CRITICAL,15,"INFO, DEBUG"
48621,1.4002027424166419,1,LOW,0.06666666666666667,0,0,0,1,510,"[channel=0xcbfd2753, /192.168.0.54:52056 -> 192.168.0.54/192.168.0.54:6379, epid=0x1, chid=0x1] Completing command AsyncCommand [type=GET, output=ValueOutput [output=null, error='null'], commandType=io.lettuce.core.protocol.Command] | doFilterInternal :::: ZWRhNzQ0Y2EtNTRlMS00N2Q2LThhNzAtOWIwMWViOGU1YjJl // eda744ca-54e1-47d6-8a70-9b01eb8e5b2e | Converted value on extraction: manager -> kr.re.bbp.code.CodeValue@31c91222",91.01216454499851,CRITICAL,15,"INFO, DEBUG"
79960,1.2869403238710182,1,LOW,0.06666666666666667,0,0,0,1,524,"[channel=0x2c773d34, /192.168.0.54:48926 -> 192.168.0.54/192.168.0.54:6379, epid=0x1, chid=0x1] write(ctx, AsyncCommand [type=GET, output=ValueOutput [output=null, error='null'], commandType=io.lettuce.core.protocol.Command], promise) | Closing non transactional SqlSession [org.apache.ibatis.session.defaults.DefaultSqlSession@58263438] | 🛰️ Accept-Language: ko",84.21641943226109,CRITICAL,15,"INFO, DEBUG"
77721,2.1067045685897106,0,INFO,0.0,0,0,0,0,535,Converted value on extraction: null -> null | Converted value on extraction: null -> null | Converted value on extraction: null -> null,84.26818274358843,CRITICAL,15,DEBUG
77722,2.1067045685897106,0,INFO,0.0,0,0,0,0,536,Converted value on extraction: null -> null | Converted value on extraction: null -> null | Converted value on extraction: null -> null,84.26818274358843,CRITICAL,15,DEBUG
77723,2.1067045685897106,0,INFO,0.0,0,0,0,0,537,Converted value on extraction: null -> null | Converted value on extraction: null -> null | Converted value on extraction: null -> null,84.26818274358843,CRITICAL,15,DEBUG
77724,2.1067045685897106,0,INFO,0.0,0,0,0,0,539,Converted value on extraction: null -> null | Converted value on extraction: null -> null | Converted value on extraction: null -> null,84.26818274358843,CRITICAL,15,DEBUG
77720,2.1067045685897106,0,INFO,0.0,0,0,0,0,552,Converted value on extraction: null -> null | Converted value on extraction: null -> null | Converted value on extraction: null -> null,84.26818274358843,CRITICAL,15,DEBUG
77726,2.1067045685897106,0,INFO,0.0,0,0,0,0,574,Converted value on extraction: null -> null | Converted value on extraction: null -> null | Converted value on extraction: null -> null,84.26818274358843,CRITICAL,15,DEBUG
77719,2.1067045685897106,0,INFO,0.0,0,0,0,0,576,Converted value on extraction: null -> null | Converted value on extraction: null -> null | Converted value on extraction: null -> null,84.26818274358843,CRITICAL,15,DEBUG
77725,2.1067045685897106,0,INFO,0.0,0,0,0,0,579,Converted value on extraction: null -> null | Converted value on extraction: null -> null | Converted value on extraction: null -> null,84.26818274358843,CRITICAL,15,DEBUG
77727,2.1067045685897106,0,INFO,0.0,0,0,0,0,581,Converted value on extraction: null -> null | Converted value on extraction: null -> null | Converted value on extraction: null -> null,84.26818274358843,CRITICAL,15,DEBUG
61062,1.4682387916980952,0,INFO,0.0,0,0,0,0,593,"[channel=0x1a66cd92, /192.168.0.54:41488 -> 192.168.0.54/192.168.0.54:6379] writing command AsyncCommand [type=GET, output=ValueOutput [output=null, error='null'], commandType=io.lettuce.core.protocol.Command] | [channel=0x1a66cd92, /192.168.0.54:41488 -> 192.168.0.54/192.168.0.54:6379, epid=0x1] write() done | ==> Parameters: (String)",88.09432750188572,CRITICAL,15,DEBUG
61061,1.4682387916980952,0,INFO,0.0,0,0,0,0,594," | [channel=0x1a66cd92, /192.168.0.54:41488 -> 192.168.0.54/192.168.0.54:6379] writing command AsyncCommand [type=GET, output=ValueOutput [output=null, error='null'], commandType=io.lettuce.core.protocol.Command] | [channel=0x1a66cd92, /192.168.0.54:41488 -> 192.168.0.54/192.168.0.54:6379, epid=0x1] write() done",88.09432750188572,CRITICAL,15,DEBUG
61060,1.4682387916980952,0,INFO,0.0,0,0,0,0,595,"[channel=0x1a66cd92, /192.168.0.54:41488 -> 192.168.0.54/192.168.0.54:6379, epid=0x1] write() done |  | [channel=0x1a66cd92, /192.168.0.54:41488 -> 192.168.0.54/192.168.0.54:6379] writing command AsyncCommand [type=GET, output=ValueOutput [output=null, error='null'], commandType=io.lettuce.core.protocol.Command]",88.09432750188572,CRITICAL,15,DEBUG
76240,2.1067045685897106,0,INFO,0.0,0,0,0,0,656,Converted value on extraction: null -> null | Converted value on extraction: null -> null | Converted value on extraction: null -> null,84.26818274358843,CRITICAL,15,DEBUG
76248,2.1067045685897106,0,INFO,0.0,0,0,0,0,661,Converted value on extraction: null -> null | Converted value on extraction: null -> null | Converted value on extraction: null -> null,84.26818274358843,CRITICAL,15,"TRACE, DEBUG"
76247,2.1067045685897106,0,INFO,0.0,0,0,0,0,662,Converted value on extraction: null -> null | Converted value on extraction: null -> null | Converted value on extraction: null -> null,84.26818274358843,CRITICAL,15,DEBUG
76246,2.1067045685897106,0,INFO,0.0,0,0,0,0,663,Converted value on extraction: null -> null | Converted value on extraction: null -> null | Converted value on extraction: null -> null,84.26818274358843,CRITICAL,15,DEBUG
76245,2.1067045685897106,0,INFO,0.0,0,0,0,0,664,Converted value on extraction: null -> null | Converted value on extraction: null -> null | Converted value on extraction: null -> null,84.26818274358843,CRITICAL,15,DEBUG
76244,2.1067045685897106,0,INFO,0.0,0,0,0,0,665,Converted value on extraction: null -> null | Converted value on extraction: null -> null | Converted value on extraction: null -> null,84.26818274358843,CRITICAL,15,DEBUG
76243,2.1067045685897106,0,INFO,0.0,0,0,0,0,666,Converted value on extraction: null -> null | Converted value on extraction: null -> null | Converted value on extraction: null -> null,84.26818274358843,CRITICAL,15,DEBUG
76242,2.1067045685897106,0,INFO,0.0,0,0,0,0,667,Converted value on extraction: null -> null | Converted value on extraction: null -> null | Converted value on extraction: null -> null,84.26818274358843,CRITICAL,15,DEBUG
76241,2.1067045685897106,0,INFO,0.0,0,0,0,0,695,Converted value on extraction: null -> null | Converted value on extraction: null -> null | Converted value on extraction: null -> null,84.26818274358843,CRITICAL,15,DEBUG
76237,1.6722247833349382,0,INFO,0.0,0,0,0,0,737,"[channel=0xfd4dc3b5, /192.168.0.54:38038 -> 192.168.0.54/192.168.0.54:6379, epid=0x1, chid=0x1] Completing command AsyncCommand [type=GET, output=ValueOutput [output=[B@346bf27d, error='null'], commandType=io.lettuce.core.protocol.Command] | Creating a new SqlSession | [channel=0x2c773d34, /192.168.0.54:48926 -> 192.168.0.54/192.168.0.54:6379, epid=0x1] write() done",100.33348700009628,CRITICAL,15,DEBUG
76236,1.5273981882500138,0,INFO,0.0,0,0,0,0,738,"dispatching command AsyncCommand [type=GET, output=ValueOutput [output=null, error='null'], commandType=io.lettuce.core.protocol.Command] | [channel=0xfd4dc3b5, /192.168.0.54:38038 -> 192.168.0.54/192.168.0.54:6379, epid=0x1, chid=0x1] Completing command AsyncCommand [type=GET, output=ValueOutput [output=[B@346bf27d, error='null'], commandType=io.lettuce.core.protocol.Command] | Creating a new SqlSession",91.64389129500083,CRITICAL,15,DEBUG
76235,1.38257159316509,0,INFO,0.0,0,0,0,0,739,"dispatching command AsyncCommand [type=GET, output=ValueOutput [output=null, error='null'], commandType=io.lettuce.core.protocol.Command] | dispatching command AsyncCommand [type=GET, output=ValueOutput [output=null, error='null'], commandType=io.lettuce.core.protocol.Command] | [channel=0xfd4dc3b5, /192.168.0.54:38038 -> 192.168.0.54/192.168.0.54:6379, epid=0x1, chid=0x1] Completing command AsyncCommand [type=GET, output=ValueOutput [output=[B@346bf27d, error='null'], commandType=io.lettuce.core.protocol.Command]",82.9542955899054,CRITICAL,15,DEBUG
57995,1.3960898908562165,0,INFO,0.0,0,0,0,0,835,"[channel=0xf3fa6295, /192.168.0.54:57794 -> 192.168.0.54/192.168.0.54:6379, epid=0x1] write() writeAndFlush command AsyncCommand [type=GET, output=ValueOutput [output=null, error='null'], commandType=io.lettuce.core.protocol.Command] | [channel=0xf3fa6295, /192.168.0.54:57794 -> 192.168.0.54/192.168.0.54:6379, epid=0x1, chid=0x1] Stack contains: 1 commands | extracted value ([menu_im11_15_] : [VARCHAR]) - [null]",83.76539345137299,CRITICAL,15,"TRACE, DEBUG"
58422,1.412267103733355,0,INFO,0.0,0,0,0,0,877,"dispatching command AsyncCommand [type=GET, output=ValueOutput [output=null, error='null'], commandType=io.lettuce.core.protocol.Command] | Converted value on extraction: null -> kr.re.bbp.code.CodeValue@275 | Converted value on extraction: C   -> kr.re.bbp.code.CodeValue@101f8",84.7360262240013,CRITICAL,15,DEBUG
84344,1.5106566895062494,0,INFO,0.0,0,0,0,0,1155,"[channel=0x723e3117, /192.168.0.54:38456 -> 192.168.0.54/192.168.0.54:6379] writing command AsyncCommand [type=GET, output=ValueOutput [output=null, error='null'], commandType=io.lettuce.core.protocol.Command] | dispatching command AsyncCommand [type=GET, output=ValueOutput [output=null, error='null'], commandType=io.lettuce.core.protocol.Command] | [channel=0x723e3117, /192.168.0.54:38456 -> 192.168.0.54/192.168.0.54:6379, epid=0x1, chid=0x1] write(ctx, AsyncCommand [type=GET, output=ValueOutput [output=null, error='null'], commandType=io.lettuce.core.protocol.Command], promise)",90.63940137037497,CRITICAL,15,"TRACE, DEBUG"
84345,1.5106566895062494,0,INFO,0.0,0,0,0,0,1156,"dispatching command AsyncCommand [type=GET, output=ValueOutput [output=null, error='null'], commandType=io.lettuce.core.protocol.Command] | [channel=0x723e3117, /192.168.0.54:38456 -> 192.168.0.54/192.168.0.54:6379, epid=0x1, chid=0x1] write(ctx, AsyncCommand [type=GET, output=ValueOutput [output=null, error='null'], commandType=io.lettuce.core.protocol.Command], promise) | [channel=0x723e3117, /192.168.0.54:38456 -> 192.168.0.54/192.168.0.54:6379, epid=0x1, chid=0x1] Completing command AsyncCommand [type=GET, output=ValueOutput [output=[B@106fedff, error='null'], commandType=io.lettuce.core.protocol.Command]",90.63940137037497,CRITICAL,15,"TRACE, DEBUG"
84346,1.5639671807878732,0,INFO,0.0,0,0,0,0,1157,"[channel=0x723e3117, /192.168.0.54:38456 -> 192.168.0.54/192.168.0.54:6379, epid=0x1, chid=0x1] write(ctx, AsyncCommand [type=GET, output=ValueOutput [output=null, error='null'], commandType=io.lettuce.core.protocol.Command], promise) | [channel=0x723e3117, /192.168.0.54:38456 -> 192.168.0.54/192.168.0.54:6379, epid=0x1, chid=0x1] Completing command AsyncCommand [type=GET, output=ValueOutput [output=[B@106fedff, error='null'], commandType=io.lettuce.core.protocol.Command] | [channel=0x723e3117, /192.168.0.54:38456 -> 192.168.0.54/192.168.0.54:6379, epid=0x1] write() writeAndFlush command AsyncCommand [type=GET, output=ValueOutput [output=null, error='null'], commandType=io.lettuce.core.protocol.Command]",93.83803084727239,CRITICAL,15,"TRACE, DEBUG"
84347,1.5639671807878732,0,INFO,0.0,0,0,0,0,1158,"[channel=0x723e3117, /192.168.0.54:38456 -> 192.168.0.54/192.168.0.54:6379, epid=0x1, chid=0x1] Completing command AsyncCommand [type=GET, output=ValueOutput [output=[B@106fedff, error='null'], commandType=io.lettuce.core.protocol.Command] | [channel=0x723e3117, /192.168.0.54:38456 -> 192.168.0.54/192.168.0.54:6379, epid=0x1] write() writeAndFlush command AsyncCommand [type=GET, output=ValueOutput [output=null, error='null'], commandType=io.lettuce.core.protocol.Command] | [channel=0x723e3117, /192.168.0.54:38456 -> 192.168.0.54/192.168.0.54:6379] writing command AsyncCommand [type=GET, output=ValueOutput [output=null, error='null'], commandType=io.lettuce.core.protocol.Command]",93.83803084727239,CRITICAL,15,"TRACE, DEBUG"
84343,1.89449341880108,0,INFO,0.0,0,0,0,0,1171,"Creating a new SqlSession | [channel=0x723e3117, /192.168.0.54:38456 -> 192.168.0.54/192.168.0.54:6379] writing command AsyncCommand [type=GET, output=ValueOutput [output=null, error='null'], commandType=io.lettuce.core.protocol.Command] | dispatching command AsyncCommand [type=GET, output=ValueOutput [output=null, error='null'], commandType=io.lettuce.core.protocol.Command]",113.6696051280648,CRITICAL,15,"TRACE, DEBUG"
97704,1.4002027424166419,0,INFO,0.0,0,0,0,0,1250,"dispatching command AsyncCommand [type=GET, output=ValueOutput [output=null, error='null'], commandType=io.lettuce.core.protocol.Command] | [channel=0xbf4318b8, /192.168.0.54:41470 -> 192.168.0.54/192.168.0.54:6379, epid=0x1, chid=0x1] Stack contains: 1 commands | Converted value on extraction: manager -> kr.re.bbp.code.CodeValue@31c91222",84.01216454499851,CRITICAL,15,DEBUG
79500,1.38257159316509,0,INFO,0.0,0,0,0,0,1399,"[channel=0x2c773d34, /192.168.0.54:48926 -> 192.168.0.54/192.168.0.54:6379, epid=0x1, chid=0x1] Received: 160 bytes, 1 commands in the stack | [channel=0x2c773d34, /192.168.0.54:48926 -> 192.168.0.54/192.168.0.54:6379, epid=0x1, chid=0x1] write(ctx, AsyncCommand [type=GET, output=ValueOutput [output=null, error='null'], commandType=io.lettuce.core.protocol.Command], promise) | Decode done, empty stack: true",82.9542955899054,CRITICAL,15,DEBUG
79380,1.5085348330516297,0,INFO,0.0,0,0,0,0,1400,"[channel=0x2c773d34, /192.168.0.54:48926 -> 192.168.0.54/192.168.0.54:6379, epid=0x1, chid=0x1] write(ctx, AsyncCommand [type=GET, output=ValueOutput [output=null, error='null'], commandType=io.lettuce.core.protocol.Command], promise) | extracted value ([menu_im11_34_] : [VARCHAR]) - [null] | extracted value ([menu_im11_34_] : [VARCHAR]) - [null]",90.51208998309778,CRITICAL,15,"TRACE, DEBUG"
79501,1.5273981882500138,0,INFO,0.0,0,0,0,0,1401,"[channel=0x2c773d34, /192.168.0.54:48926 -> 192.168.0.54/192.168.0.54:6379, epid=0x1, chid=0x1] write(ctx, AsyncCommand [type=GET, output=ValueOutput [output=null, error='null'], commandType=io.lettuce.core.protocol.Command], promise) | Decode done, empty stack: true | [channel=0x2c773d34, /192.168.0.54:48926 -> 192.168.0.54/192.168.0.54:6379, epid=0x1] write() done",91.64389129500083,CRITICAL,15,DEBUG
79505,2.1067045685897106,0,INFO,0.0,0,0,0,0,1405,Converted value on extraction: null -> null | Converted value on extraction: null -> null | Converted value on extraction: null -> null,84.26818274358843,CRITICAL,15,DEBUG
79506,2.1067045685897106,0,INFO,0.0,0,0,0,0,1406,Converted value on extraction: null -> null | Converted value on extraction: null -> null | Converted value on extraction: null -> null,84.26818274358843,CRITICAL,15,DEBUG
79507,2.1067045685897106,0,INFO,0.0,0,0,0,0,1407,Converted value on extraction: null -> null | Converted value on extraction: null -> null | Converted value on extraction: null -> null,84.26818274358843,CRITICAL,15,DEBUG
79379,1.3960898908562165,0,INFO,0.0,0,0,0,0,1409,"[channel=0x2c773d34, /192.168.0.54:48926 -> 192.168.0.54/192.168.0.54:6379, epid=0x1, chid=0x1] Stack contains: 1 commands | [channel=0x2c773d34, /192.168.0.54:48926 -> 192.168.0.54/192.168.0.54:6379, epid=0x1, chid=0x1] write(ctx, AsyncCommand [type=GET, output=ValueOutput [output=null, error='null'], commandType=io.lettuce.core.protocol.Command], promise) | extracted value ([menu_im11_34_] : [VARCHAR]) - [null]",83.76539345137299,CRITICAL,15,"TRACE, DEBUG"
79508,2.1067045685897106,0,INFO,0.0,0,0,0,0,1428,Converted value on extraction: null -> null | Converted value on extraction: null -> null | Converted value on extraction: null -> null,84.26818274358843,CRITICAL,15,DEBUG
79509,2.1067045685897106,0,INFO,0.0,0,0,0,0,1429,Converted value on extraction: null -> null | Converted value on extraction: null -> null | Converted value on extraction: null -> null,84.26818274358843,CRITICAL,15,DEBUG
79510,2.1067045685897106,0,INFO,0.0,0,0,0,0,1430,Converted value on extraction: null -> null | Converted value on extraction: null -> null | Converted value on extraction: null -> null,84.26818274358843,CRITICAL,15,DEBUG
79511,2.1067045685897106,0,INFO,0.0,0,0,0,0,1440,Converted value on extraction: null -> null | Converted value on extraction: null -> null | Converted value on extraction: null -> null,84.26818274358843,CRITICAL,15,DEBUG
79512,2.1067045685897106,0,INFO,0.0,0,0,0,0,1452,Converted value on extraction: null -> null | Converted value on extraction: null -> null | Converted value on extraction: null -> null,84.26818274358843,CRITICAL,15,DEBUG
77937,1.4002027424166419,0,INFO,0.0,0,0,0,0,1483,"[channel=0x2c773d34, /192.168.0.54:48926 -> 192.168.0.54/192.168.0.54:6379, epid=0x1] write() writeAndFlush command AsyncCommand [type=GET, output=ValueOutput [output=null, error='null'], commandType=io.lettuce.core.protocol.Command] | binding parameter [2] as [VARCHAR] - [ROLE_MP_SUPERADMIN] | Converted value on extraction: manager -> kr.re.bbp.code.CodeValue@31c91222",84.01216454499851,CRITICAL,15,"TRACE, DEBUG"
77790,1.38257159316509,0,INFO,0.0,0,0,0,0,1495,"DiscoveryClient_MANAGER/develop-server:manager:9003 - Heartbeat status: 200 | The total number of instances fetched by the delta processor : 0 | dispatching command AsyncCommand [type=GET, output=ValueOutput [output=null, error='null'], commandType=io.lettuce.core.protocol.Command]",82.9542955899054,CRITICAL,15,DEBUG
77791,1.5273981882500138,0,INFO,0.0,0,0,0,0,1496,"The total number of instances fetched by the delta processor : 0 | dispatching command AsyncCommand [type=GET, output=ValueOutput [output=null, error='null'], commandType=io.lettuce.core.protocol.Command] | Decode done, empty stack: true",91.64389129500083,CRITICAL,15,DEBUG
77792,1.6722247833349382,0,INFO,0.0,0,0,0,0,1497,"dispatching command AsyncCommand [type=GET, output=ValueOutput [output=null, error='null'], commandType=io.lettuce.core.protocol.Command] | Decode done, empty stack: true | [channel=0x2c773d34, /192.168.0.54:48926 -> 192.168.0.54/192.168.0.54:6379, epid=0x1] write() done",100.33348700009628,CRITICAL,15,DEBUG
81590,1.3960898908562165,0,INFO,0.0,0,0,0,0,1559,"[channel=0x2c773d34, /192.168.0.54:48926 -> 192.168.0.54/192.168.0.54:6379, epid=0x1] write() done | [channel=0x2c773d34, /192.168.0.54:48926 -> 192.168.0.54/192.168.0.54:6379, epid=0x1, chid=0x1] write(ctx, AsyncCommand [type=GET, output=ValueOutput [output=null, error='null'], commandType=io.lettuce.core.protocol.Command], promise) | extracted value ([menu_im11_34_] : [VARCHAR]) - [null]",83.76539345137299,CRITICAL,15,"TRACE, DEBUG"
81591,1.5085348330516297,0,INFO,0.0,0,0,0,0,1560,"[channel=0x2c773d34, /192.168.0.54:48926 -> 192.168.0.54/192.168.0.54:6379, epid=0x1, chid=0x1] write(ctx, AsyncCommand [type=GET, output=ValueOutput [output=null, error='null'], commandType=io.lettuce.core.protocol.Command], promise) | extracted value ([menu_im11_34_] : [VARCHAR]) - [null] | extracted value ([menu_im11_34_] : [VARCHAR]) - [null]",90.51208998309778,CRITICAL,15,"TRACE, DEBUG"
81365,2.1067045685897106,0,INFO,0.0,0,0,0,0,1580,Converted value on extraction: null -> null | Converted value on extraction: null -> null | Converted value on extraction: null -> null,84.26818274358843,CRITICAL,15,DEBUG
81366,2.1067045685897106,0,INFO,0.0,0,0,0,0,1581,Converted value on extraction: null -> null | Converted value on extraction: null -> null | Converted value on extraction: null -> null,84.26818274358843,CRITICAL,15,DEBUG
81367,2.1067045685897106,0,INFO,0.0,0,0,0,0,1582,Converted value on extraction: null -> null | Converted value on extraction: null -> null | Converted value on extraction: null -> null,84.26818274358843,CRITICAL,15,DEBUG
81368,2.1067045685897106,0,INFO,0.0,0,0,0,0,1583,Converted value on extraction: null -> null | Converted value on extraction: null -> null | Converted value on extraction: null -> null,84.26818274358843,CRITICAL,15,DEBUG
81369,2.1067045685897106,0,INFO,0.0,0,0,0,0,1584,Converted value on extraction: null -> null | Converted value on extraction: null -> null | Converted value on extraction: null -> null,84.26818274358843,CRITICAL,15,DEBUG
81705,2.1067045685897106,0,INFO,0.0,0,0,0,0,1590,Converted value on extraction: null -> null | Converted value on extraction: null -> null | Converted value on extraction: null -> null,84.26818274358843,CRITICAL,15,DEBUG
81706,2.1067045685897106,0,INFO,0.0,0,0,0,0,1591,Converted value on extraction: null -> null | Converted value on extraction: null -> null | Converted value on extraction: null -> null,84.26818274358843,CRITICAL,15,DEBUG
81707,2.1067045685897106,0,INFO,0.0,0,0,0,0,1592,Converted value on extraction: null -> null | Converted value on extraction: null -> null | Converted value on extraction: null -> null,84.26818274358843,CRITICAL,15,DEBUG
81708,2.1067045685897106,0,INFO,0.0,0,0,0,0,1593,Converted value on extraction: null -> null | Converted value on extraction: null -> null | Converted value on extraction: null -> null,84.26818274358843,CRITICAL,15,DEBUG
81709,2.1067045685897106,0,INFO,0.0,0,0,0,0,1594,Converted value on extraction: null -> null | Converted value on extraction: null -> null | Converted value on extraction: null -> null,84.26818274358843,CRITICAL,15,DEBUG
81710,2.1067045685897106,0,INFO,0.0,0,0,0,0,1595,Converted value on extraction: null -> null | Converted value on extraction: null -> null | Converted value on extraction: null -> null,84.26818274358843,CRITICAL,15,DEBUG
81704,2.1067045685897106,0,INFO,0.0,0,0,0,0,1606,Converted value on extraction: null -> null | Converted value on extraction: null -> null | Converted value on extraction: null -> null,84.26818274358843,CRITICAL,15,DEBUG
81703,2.1067045685897106,0,INFO,0.0,0,0,0,0,1607,Converted value on extraction: null -> null | Converted value on extraction: null -> null | Converted value on extraction: null -> null,84.26818274358843,CRITICAL,15,DEBUG
81702,2.1067045685897106,0,INFO,0.0,0,0,0,0,1608,Converted value on extraction: null -> null | Converted value on extraction: null -> null | Converted value on extraction: null -> null,84.26818274358843,CRITICAL,15,DEBUG
80496,1.4002027424166419,0,INFO,0.0,0,0,0,0,1649,"[channel=0x2c773d34, /192.168.0.54:48926 -> 192.168.0.54/192.168.0.54:6379, epid=0x1, chid=0x1] Completing command AsyncCommand [type=GET, output=ValueOutput [output=[B@4705922b, error='null'], commandType=io.lettuce.core.protocol.Command] | ✅ 코드 변환 완료 - groupCd: MENU_TYPE_CD, value: C, label: 컨텐츠, labelTrans: Content | Converted value on extraction: research -> kr.re.bbp.code.CodeValue@eb15c410",84.01216454499851,CRITICAL,15,DEBUG
80630,1.3960898908562165,0,INFO,0.0,0,0,0,0,1666,"binding parameter [1] as [VARCHAR] - [RP_WEB_ANLS_TOOLS] | [channel=0x2c773d34, /192.168.0.54:48926 -> 192.168.0.54/192.168.0.54:6379, epid=0x1, chid=0x1] Completing command AsyncCommand [type=GET, output=ValueOutput [output=[B@9c697e6, error='null'], commandType=io.lettuce.core.protocol.Command] | extracted value ([menu_im11_34_] : [VARCHAR]) - [null]",83.76539345137299,CRITICAL,15,"TRACE, DEBUG"
80631,1.3960898908562165,0,INFO,0.0,0,0,0,0,1667,"[channel=0x2c773d34, /192.168.0.54:48926 -> 192.168.0.54/192.168.0.54:6379, epid=0x1, chid=0x1] Completing command AsyncCommand [type=GET, output=ValueOutput [output=[B@9c697e6, error='null'], commandType=io.lettuce.core.protocol.Command] | extracted value ([menu_im11_34_] : [VARCHAR]) - [null] | extracted value ([menu_im11_34_] : [VARCHAR]) - [null]",83.76539345137299,CRITICAL,15,"TRACE, DEBUG"
28481,1.4002027424166419,0,INFO,0.0,0,0,0,0,1753,"The total number of all instances in the client now is 7 | [channel=0x3086d48a, /192.168.0.54:54904 -> 192.168.0.54/192.168.0.54:6379] writing command AsyncCommand [type=GET, output=ValueOutput [output=null, error='null'], commandType=io.lettuce.core.protocol.Command] | Converted value on extraction: 303 -> kr.re.bbp.code.CodeValue@c7eb",84.01216454499851,CRITICAL,15,DEBUG
28786,1.4002027424166419,0,INFO,0.0,0,0,0,0,1776,"[channel=0x3086d48a, /192.168.0.54:54904 -> 192.168.0.54/192.168.0.54:6379, epid=0x1] write() writeAndFlush command AsyncCommand [type=PTTL, output=IntegerOutput [output=null, error='null'], commandType=io.lettuce.core.protocol.Command] | [channel=0x3086d48a, /192.168.0.54:54904 -> 192.168.0.54/192.168.0.54:6379, epid=0x1, chid=0x1] Received: 11 bytes, 1 commands in the stack | Converted value on extraction: 319 -> kr.re.bbp.code.CodeValue@c810",84.01216454499851,CRITICAL,15,DEBUG
28482,1.5134651609622658,0,INFO,0.0,0,0,0,0,1778,"[channel=0x3086d48a, /192.168.0.54:54904 -> 192.168.0.54/192.168.0.54:6379] writing command AsyncCommand [type=GET, output=ValueOutput [output=null, error='null'], commandType=io.lettuce.core.protocol.Command] | Converted value on extraction: 303 -> kr.re.bbp.code.CodeValue@c7eb | Converted value on extraction: 314 -> kr.re.bbp.code.CodeValue@c80b",90.80790965773595,CRITICAL,15,DEBUG
27480,1.5134651609622658,0,INFO,0.0,0,0,0,0,1800,"[channel=0x3086d48a, /192.168.0.54:54904 -> 192.168.0.54/192.168.0.54:6379, epid=0x1, chid=0x1] write(ctx, AsyncCommand [type=GET, output=ValueOutput [output=null, error='null'], commandType=io.lettuce.core.protocol.Command], promise) | Converted value on extraction: C   -> kr.re.bbp.code.CodeValue@101f8 | Converted value on extraction: C   -> kr.re.bbp.code.CodeValue@101f8",90.80790965773595,CRITICAL,15,DEBUG
27479,1.4002027424166419,0,INFO,0.0,0,0,0,0,1801," | [channel=0x3086d48a, /192.168.0.54:54904 -> 192.168.0.54/192.168.0.54:6379, epid=0x1, chid=0x1] write(ctx, AsyncCommand [type=GET, output=ValueOutput [output=null, error='null'], commandType=io.lettuce.core.protocol.Command], promise) | Converted value on extraction: C   -> kr.re.bbp.code.CodeValue@101f8",84.01216454499851,CRITICAL,15,DEBUG
27302,1.4002027424166419,0,INFO,0.0,0,0,0,0,1891,"[channel=0x3086d48a, /192.168.0.54:54904 -> 192.168.0.54/192.168.0.54:6379, epid=0x1] write() writeAndFlush command AsyncCommand [type=GET, output=ValueOutput [output=null, error='null'], commandType=io.lettuce.core.protocol.Command] | Decode done, empty stack: true | Converted value on extraction: 301 -> kr.re.bbp.code.CodeValue@c7e9",84.01216454499851,CRITICAL,15,DEBUG
31445,1.4002027424166419,0,INFO,0.0,0,0,0,0,1909,"[channel=0x3086d48a, /192.168.0.54:54904 -> 192.168.0.54/192.168.0.54:6379, epid=0x1, chid=0x1] write(ctx, AsyncCommand [type=PTTL, output=IntegerOutput [output=null, error='null'], commandType=io.lettuce.core.protocol.Command], promise) | Decode done, empty stack: true | Converted value on extraction: manager -> kr.re.bbp.code.CodeValue@31c91222",84.01216454499851,CRITICAL,15,DEBUG
31592,1.4343723957898105,0,INFO,0.0,0,0,0,0,1911,"[channel=0x3086d48a, /192.168.0.54:54904 -> 192.168.0.54/192.168.0.54:6379] writing command AsyncCommand [type=GET, output=ValueOutput [output=null, error='null'], commandType=io.lettuce.core.protocol.Command] | [channel=0x3086d48a, /192.168.0.54:54904 -> 192.168.0.54/192.168.0.54:6379, epid=0x1, chid=0x1] Received: 745 bytes, 1 commands in the stack | extracted value ([col_1_0_] : [VARCHAR]) - [UP_MYPAGE]",86.06234374738862,CRITICAL,15,"TRACE, DEBUG"
31655,1.4343723957898105,0,INFO,0.0,0,0,0,0,1951,"extracted value ([col_2_0_] : [VARCHAR]) - [Y] | extracted value ([col_0_0_] : [VARCHAR]) - [MP_BKUP] | [channel=0x3086d48a, /192.168.0.54:54904 -> 192.168.0.54/192.168.0.54:6379, epid=0x1, chid=0x1] Completing command AsyncCommand [type=GET, output=ValueOutput [output=[B@5dd8a223, error='null'], commandType=io.lettuce.core.protocol.Command]",86.06234374738862,CRITICAL,15,"TRACE, DEBUG"
30945,1.4002027424166419,0,INFO,0.0,0,0,0,0,2065,"[channel=0x3086d48a, /192.168.0.54:54904 -> 192.168.0.54/192.168.0.54:6379, epid=0x1, chid=0x1] Completing command AsyncCommand [type=PTTL, output=IntegerOutput [output=31194075, error='null'], commandType=io.lettuce.core.protocol.Command] | binding parameter [2] as [VARCHAR] - [ROLE_AN] | Converted value on extraction: 303 -> kr.re.bbp.code.CodeValue@c7eb",84.01216454499851,CRITICAL,15,"TRACE, DEBUG"
21186,1.4343723957898105,0,INFO,0.0,0,0,0,0,2105,"extracted value ([col_2_0_] : [VARCHAR]) - [Y] | extracted value ([col_0_0_] : [VARCHAR]) - [MP_CLINIC_CLSF_CD] | [channel=0xa5c799a5, /192.168.0.54:59250 -> 192.168.0.54/192.168.0.54:6379, epid=0x1] write() writeAndFlush command AsyncCommand [type=GET, output=ValueOutput [output=null, error='null'], commandType=io.lettuce.core.protocol.Command]",86.06234374738862,CRITICAL,15,"TRACE, DEBUG"
21187,1.4343723957898105,0,INFO,0.0,0,0,0,0,2106,"extracted value ([col_0_0_] : [VARCHAR]) - [MP_CLINIC_CLSF_CD] | [channel=0xa5c799a5, /192.168.0.54:59250 -> 192.168.0.54/192.168.0.54:6379, epid=0x1] write() writeAndFlush command AsyncCommand [type=GET, output=ValueOutput [output=null, error='null'], commandType=io.lettuce.core.protocol.Command] | extracted value ([col_1_0_] : [VARCHAR]) - [RP_RSCH_RSRC]",86.06234374738862,CRITICAL,15,"TRACE, DEBUG"
21188,1.4343723957898105,0,INFO,0.0,0,0,0,0,2107,"[channel=0xa5c799a5, /192.168.0.54:59250 -> 192.168.0.54/192.168.0.54:6379, epid=0x1] write() writeAndFlush command AsyncCommand [type=GET, output=ValueOutput [output=null, error='null'], commandType=io.lettuce.core.protocol.Command] | extracted value ([col_1_0_] : [VARCHAR]) - [RP_RSCH_RSRC] | extracted value ([col_2_0_] : [VARCHAR]) - [Y]",86.06234374738862,CRITICAL,15,"TRACE, DEBUG"
21629,1.4002027424166419,0,INFO,0.0,0,0,0,0,2167,"[channel=0xa5c799a5, /192.168.0.54:59250 -> 192.168.0.54/192.168.0.54:6379, epid=0x1, chid=0x1] Received: 159 bytes, 1 commands in the stack | dispatching command AsyncCommand [type=GET, output=ValueOutput [output=null, error='null'], commandType=io.lettuce.core.protocol.Command] | Converted value on extraction: manager -> kr.re.bbp.code.CodeValue@31c91222",84.01216454499851,CRITICAL,15,DEBUG
21630,1.5134651609622658,0,INFO,0.0,0,0,0,0,2168,"dispatching command AsyncCommand [type=GET, output=ValueOutput [output=null, error='null'], commandType=io.lettuce.core.protocol.Command] | Converted value on extraction: manager -> kr.re.bbp.code.CodeValue@31c91222 | Converted value on extraction: manager -> kr.re.bbp.code.CodeValue@31c91222",90.80790965773595,CRITICAL,15,DEBUG
14975,1.7315224886968004,0,INFO,0.0,0,0,0,0,2232,"extracted value ([col_3_0_] : [VARCHAR]) - [SYS STASTS MANAGEMENT] | [channel=0xa5c799a5, /192.168.0.54:59250 -> 192.168.0.54/192.168.0.54:6379] writing command AsyncCommand [type=GET, output=ValueOutput [output=null, error='null'], commandType=io.lettuce.core.protocol.Command] | extracted value ([col_0_0_] : [VARCHAR]) - [MP_USER_ROLE]",103.89134932180802,CRITICAL,15,"TRACE, DEBUG"
14974,1.7315224886968004,0,INFO,0.0,0,0,0,0,2241,"extracted value ([col_2_0_] : [VARCHAR]) - [백업관리] | extracted value ([col_3_0_] : [VARCHAR]) - [SYS STASTS MANAGEMENT] | [channel=0xa5c799a5, /192.168.0.54:59250 -> 192.168.0.54/192.168.0.54:6379] writing command AsyncCommand [type=GET, output=ValueOutput [output=null, error='null'], commandType=io.lettuce.core.protocol.Command]",103.89134932180802,CRITICAL,15,"TRACE, DEBUG"
14976,1.7315224886968004,0,INFO,0.0,0,0,0,0,2242,"[channel=0xa5c799a5, /192.168.0.54:59250 -> 192.168.0.54/192.168.0.54:6379] writing command AsyncCommand [type=GET, output=ValueOutput [output=null, error='null'], commandType=io.lettuce.core.protocol.Command] | extracted value ([col_0_0_] : [VARCHAR]) - [MP_USER_ROLE] | extracted value ([col_3_0_] : [VARCHAR]) - [GENOME DATA STATS]",103.89134932180802,CRITICAL,15,"TRACE, DEBUG"
22301,1.4002027424166419,0,INFO,0.0,0,0,0,0,2400,"[channel=0xa5c799a5, /192.168.0.54:59250 -> 192.168.0.54/192.168.0.54:6379, epid=0x1, chid=0x1] Received: 163 bytes, 1 commands in the stack | [channel=0xa5c799a5, /192.168.0.54:59250 -> 192.168.0.54/192.168.0.54:6379] writing command AsyncCommand [type=GET, output=ValueOutput [output=null, error='null'], commandType=io.lettuce.core.protocol.Command] | Converted value on extraction: manager -> kr.re.bbp.code.CodeValue@31c91222",84.01216454499851,CRITICAL,15,DEBUG
22302,1.5134651609622658,0,INFO,0.0,0,0,0,0,2401,"[channel=0xa5c799a5, /192.168.0.54:59250 -> 192.168.0.54/192.168.0.54:6379] writing command AsyncCommand [type=GET, output=ValueOutput [output=null, error='null'], commandType=io.lettuce.core.protocol.Command] | Converted value on extraction: manager -> kr.re.bbp.code.CodeValue@31c91222 | Converted value on extraction: manager -> kr.re.bbp.code.CodeValue@31c91222",90.80790965773595,CRITICAL,15,DEBUG
23340,1.4002027424166419,0,INFO,0.0,0,0,0,0,2460,"[channel=0xe23d4b3b, /192.168.0.54:56670 -> 192.168.0.54/192.168.0.54:6379, epid=0x1, chid=0x1] Completing command AsyncCommand [type=GET, output=ValueOutput [output=[B@31474719, error='null'], commandType=io.lettuce.core.protocol.Command] | [channel=0xa5c799a5, /192.168.0.54:59250 -> 192.168.0.54/192.168.0.54:6379, epid=0x1, chid=0x1] Received: 155 bytes, 1 commands in the stack | Converted value on extraction: C   -> kr.re.bbp.code.CodeValue@101f8",84.01216454499851,CRITICAL,15,DEBUG
54891,1.5829474422433052,0,INFO,0.0,0,0,0,0,2493,"extracted value ([col_1_0_] : [VARCHAR]) - [MP_TOOLS] | extracted value ([col_3_0_] : [VARCHAR]) - [RESEARCH ENVIRONMENT PV BACKUP HISTORY] | [channel=0xf3fa6295, /192.168.0.54:57794 -> 192.168.0.54/192.168.0.54:6379] writing command AsyncCommand [type=GET, output=ValueOutput [output=null, error='null'], commandType=io.lettuce.core.protocol.Command]",94.97684653459831,CRITICAL,15,"TRACE, DEBUG"
54892,1.5829474422433052,0,INFO,0.0,0,0,0,0,2503,"extracted value ([col_3_0_] : [VARCHAR]) - [RESEARCH ENVIRONMENT PV BACKUP HISTORY] | [channel=0xf3fa6295, /192.168.0.54:57794 -> 192.168.0.54/192.168.0.54:6379] writing command AsyncCommand [type=GET, output=ValueOutput [output=null, error='null'], commandType=io.lettuce.core.protocol.Command] | extracted value ([col_3_0_] : [VARCHAR]) - [N]",94.97684653459831,CRITICAL,15,"TRACE, DEBUG"
54893,1.5829474422433052,0,INFO,0.0,0,0,0,0,2505,"[channel=0xf3fa6295, /192.168.0.54:57794 -> 192.168.0.54/192.168.0.54:6379] writing command AsyncCommand [type=GET, output=ValueOutput [output=null, error='null'], commandType=io.lettuce.core.protocol.Command] | extracted value ([col_3_0_] : [VARCHAR]) - [N] | extracted value ([col_3_0_] : [VARCHAR]) - [N]",94.97684653459831,CRITICAL,15,"TRACE, DEBUG"
54956,1.7315224886968004,0,INFO,0.0,0,0,0,0,2520,"extracted value ([col_0_0_] : [VARCHAR]) - [MP_CLINIC_DATA] | extracted value ([col_2_0_] : [VARCHAR]) - [Y] | [channel=0xf3fa6295, /192.168.0.54:57794 -> 192.168.0.54/192.168.0.54:6379, epid=0x1, chid=0x1] write(ctx, AsyncCommand [type=PTTL, output=IntegerOutput [output=null, error='null'], commandType=io.lettuce.core.protocol.Command], promise)",103.89134932180802,CRITICAL,15,"TRACE, DEBUG"
54957,1.7315224886968004,0,INFO,0.0,0,0,0,0,2521,"extracted value ([col_2_0_] : [VARCHAR]) - [Y] | [channel=0xf3fa6295, /192.168.0.54:57794 -> 192.168.0.54/192.168.0.54:6379, epid=0x1, chid=0x1] write(ctx, AsyncCommand [type=PTTL, output=IntegerOutput [output=null, error='null'], commandType=io.lettuce.core.protocol.Command], promise) | extracted value ([col_2_0_] : [VARCHAR]) - [참여자관리시스템연계이력]",103.89134932180802,CRITICAL,15,"TRACE, DEBUG"
54958,1.7315224886968004,0,INFO,0.0,0,0,0,0,2522,"[channel=0xf3fa6295, /192.168.0.54:57794 -> 192.168.0.54/192.168.0.54:6379, epid=0x1, chid=0x1] write(ctx, AsyncCommand [type=PTTL, output=IntegerOutput [output=null, error='null'], commandType=io.lettuce.core.protocol.Command], promise) | extracted value ([col_2_0_] : [VARCHAR]) - [참여자관리시스템연계이력] | extracted value ([col_0_0_] : [VARCHAR]) - [MP_MESSAGE]",103.89134932180802,CRITICAL,15,"TRACE, DEBUG"
54930,1.7315224886968004,0,INFO,0.0,0,0,0,0,2542,"extracted value ([col_0_0_] : [VARCHAR]) - [MP_RSCH_RESULT] | extracted value ([col_2_0_] : [VARCHAR]) - [메시지관리] | dispatching command AsyncCommand [type=GET, output=ValueOutput [output=null, error='null'], commandType=io.lettuce.core.protocol.Command]",103.89134932180802,CRITICAL,15,"TRACE, DEBUG"
54931,1.7315224886968004,0,INFO,0.0,0,0,0,0,2543,"extracted value ([col_2_0_] : [VARCHAR]) - [메시지관리] | dispatching command AsyncCommand [type=GET, output=ValueOutput [output=null, error='null'], commandType=io.lettuce.core.protocol.Command] | extracted value ([col_2_0_] : [VARCHAR]) - [Y]",103.89134932180802,CRITICAL,15,"TRACE, DEBUG"
54932,1.5829474422433052,0,INFO,0.0,0,0,0,0,2544,"dispatching command AsyncCommand [type=GET, output=ValueOutput [output=null, error='null'], commandType=io.lettuce.core.protocol.Command] | extracted value ([col_2_0_] : [VARCHAR]) - [Y] | extracted value ([col_0_0_] : [VARCHAR]) - [MP_ENVRN_PV_MNG]",94.97684653459831,CRITICAL,15,"TRACE, DEBUG"
54811,1.702809042628866,0,INFO,0.0,0,0,0,0,2583,"extracted value ([col_2_0_] : [VARCHAR]) - [연구환경통합계정관리이력조회] | extracted value ([col_0_0_] : [VARCHAR]) - [MP_SYS_STATS] | [channel=0xf3fa6295, /192.168.0.54:57794 -> 192.168.0.54/192.168.0.54:6379, epid=0x1, chid=0x1] write(ctx, AsyncCommand [type=GET, output=ValueOutput [output=null, error='null'], commandType=io.lettuce.core.protocol.Command], promise)",102.16854255773197,CRITICAL,15,"TRACE, DEBUG"
54812,1.5542339961753708,0,INFO,0.0,0,0,0,0,2584,"extracted value ([col_0_0_] : [VARCHAR]) - [MP_SYS_STATS] | [channel=0xf3fa6295, /192.168.0.54:57794 -> 192.168.0.54/192.168.0.54:6379, epid=0x1, chid=0x1] write(ctx, AsyncCommand [type=GET, output=ValueOutput [output=null, error='null'], commandType=io.lettuce.core.protocol.Command], promise) | extracted value ([col_2_0_] : [VARCHAR]) - [Y]",93.25403977052225,CRITICAL,15,"TRACE, DEBUG"
54813,1.405658949721876,0,INFO,0.0,0,0,0,0,2585,"[channel=0xf3fa6295, /192.168.0.54:57794 -> 192.168.0.54/192.168.0.54:6379, epid=0x1, chid=0x1] write(ctx, AsyncCommand [type=GET, output=ValueOutput [output=null, error='null'], commandType=io.lettuce.core.protocol.Command], promise) | extracted value ([col_2_0_] : [VARCHAR]) - [Y] | extracted value ([col_1_0_] : [VARCHAR]) - [MP_CLINIC]",84.33953698331257,CRITICAL,15,"TRACE, DEBUG"
54734,1.7315224886968004,0,INFO,0.0,0,0,0,0,2593,"extracted value ([col_2_0_] : [VARCHAR]) - [분석허브] | extracted value ([col_0_0_] : [VARCHAR]) - [RP_WEB_ANLS_TOOLS] | [channel=0xfe8a7902, /192.168.0.54:59014 -> 192.168.0.54/192.168.0.54:6379, epid=0x1] write() writeAndFlush command AsyncCommand [type=GET, output=ValueOutput [output=null, error='null'], commandType=io.lettuce.core.protocol.Command]",103.89134932180802,CRITICAL,15,"TRACE, DEBUG"
54735,1.7315224886968004,0,INFO,0.0,0,0,0,0,2594,"extracted value ([col_0_0_] : [VARCHAR]) - [RP_WEB_ANLS_TOOLS] | [channel=0xfe8a7902, /192.168.0.54:59014 -> 192.168.0.54/192.168.0.54:6379, epid=0x1] write() writeAndFlush command AsyncCommand [type=GET, output=ValueOutput [output=null, error='null'], commandType=io.lettuce.core.protocol.Command] | extracted value ([col_1_0_] : [VARCHAR]) - [MP_SESION]",103.89134932180802,CRITICAL,15,"TRACE, DEBUG"
54736,1.5829474422433052,0,INFO,0.0,0,0,0,0,2595,"[channel=0xfe8a7902, /192.168.0.54:59014 -> 192.168.0.54/192.168.0.54:6379, epid=0x1] write() writeAndFlush command AsyncCommand [type=GET, output=ValueOutput [output=null, error='null'], commandType=io.lettuce.core.protocol.Command] | extracted value ([col_1_0_] : [VARCHAR]) - [MP_SESION] | extracted value ([col_3_0_] : [VARCHAR]) - [RESEARCH ENVIRONMENT ACCOUNT MANAGE HISTORY]",94.97684653459831,CRITICAL,15,"TRACE, DEBUG"
54870,1.7315224886968004,0,INFO,0.0,0,0,0,0,2626,"Decode done, empty stack: true | extracted value ([col_2_0_] : [VARCHAR]) - [분석허브] | [channel=0xf3fa6295, /192.168.0.54:57794 -> 192.168.0.54/192.168.0.54:6379, epid=0x1] write() writeAndFlush command AsyncCommand [type=GET, output=ValueOutput [output=null, error='null'], commandType=io.lettuce.core.protocol.Command]",103.89134932180802,CRITICAL,15,"TRACE, DEBUG"
54871,1.880097535150295,0,INFO,0.0,0,0,0,0,2627,"extracted value ([col_2_0_] : [VARCHAR]) - [분석허브] | [channel=0xf3fa6295, /192.168.0.54:57794 -> 192.168.0.54/192.168.0.54:6379, epid=0x1] write() writeAndFlush command AsyncCommand [type=GET, output=ValueOutput [output=null, error='null'], commandType=io.lettuce.core.protocol.Command] | extracted value ([col_0_0_] : [VARCHAR]) - [RP_WEB_ANLS_TOOLS]",112.8058521090177,CRITICAL,15,"TRACE, DEBUG"
54872,2.0286725816037903,0,INFO,0.0,0,0,0,0,2628,"[channel=0xf3fa6295, /192.168.0.54:57794 -> 192.168.0.54/192.168.0.54:6379, epid=0x1] write() writeAndFlush command AsyncCommand [type=GET, output=ValueOutput [output=null, error='null'], commandType=io.lettuce.core.protocol.Command] | extracted value ([col_0_0_] : [VARCHAR]) - [RP_WEB_ANLS_TOOLS] | extracted value ([col_0_0_] : [VARCHAR]) - [MP_LTOT_RSC_HIS]",121.72035489622742,CRITICAL,15,"TRACE, DEBUG"
56739,1.4002027424166419,0,INFO,0.0,0,0,0,0,2712," | [channel=0xf3fa6295, /192.168.0.54:57794 -> 192.168.0.54/192.168.0.54:6379, epid=0x1] write() writeAndFlush command AsyncCommand [type=PTTL, output=IntegerOutput [output=null, error='null'], commandType=io.lettuce.core.protocol.Command] | Converted value on extraction: manager -> kr.re.bbp.code.CodeValue@31c91222",84.01216454499851,CRITICAL,15,DEBUG
56740,1.5134651609622658,0,INFO,0.0,0,0,0,0,2713,"[channel=0xf3fa6295, /192.168.0.54:57794 -> 192.168.0.54/192.168.0.54:6379, epid=0x1] write() writeAndFlush command AsyncCommand [type=PTTL, output=IntegerOutput [output=null, error='null'], commandType=io.lettuce.core.protocol.Command] | Converted value on extraction: manager -> kr.re.bbp.code.CodeValue@31c91222 | Converted value on extraction: manager -> kr.re.bbp.code.CodeValue@31c91222",90.80790965773595,CRITICAL,15,DEBUG
55196,1.4343723957898105,0,INFO,0.0,0,0,0,0,2808,"extracted value ([col_1_0_] : [VARCHAR]) - [RP_WEB_ANLS] | extracted value ([col_3_0_] : [VARCHAR]) - [N] | [channel=0xf3fa6295, /192.168.0.54:57794 -> 192.168.0.54/192.168.0.54:6379] writing command AsyncCommand [type=GET, output=ValueOutput [output=null, error='null'], commandType=io.lettuce.core.protocol.Command]",86.06234374738862,CRITICAL,15,"TRACE, DEBUG"
55736,1.3664700566736716,0,INFO,0.0,0,0,0,0,2815,"[channel=0xf3fa6295, /192.168.0.54:57794 -> 192.168.0.54/192.168.0.54:6379, epid=0x1] write() done | [channel=0xf3fa6295, /192.168.0.54:57794 -> 192.168.0.54/192.168.0.54:6379, epid=0x1] write() writeAndFlush command AsyncCommand [type=GET, output=ValueOutput [output=null, error='null'], commandType=io.lettuce.core.protocol.Command] | Converted value on extraction: C   -> kr.re.bbp.code.CodeValue@101f8",81.9882034004203,CRITICAL,15,DEBUG
55737,1.4797324752192955,0,INFO,0.0,0,0,0,0,2816,"[channel=0xf3fa6295, /192.168.0.54:57794 -> 192.168.0.54/192.168.0.54:6379, epid=0x1] write() writeAndFlush command AsyncCommand [type=GET, output=ValueOutput [output=null, error='null'], commandType=io.lettuce.core.protocol.Command] | Converted value on extraction: C   -> kr.re.bbp.code.CodeValue@101f8 | Converted value on extraction: C   -> kr.re.bbp.code.CodeValue@101f8",88.78394851315772,CRITICAL,15,DEBUG
41148,1.7900733824196984,0,INFO,0.0,0,0,0,0,2850,"[channel=0xd74e2851, /192.168.0.54:54180 -> 192.168.0.54/192.168.0.54:6379, epid=0x1, chid=0x1] write(ctx, AsyncCommand [type=PTTL, output=IntegerOutput [output=null, error='null'], commandType=io.lettuce.core.protocol.Command], promise) | [channel=0xd74e2851, /192.168.0.54:54180 -> 192.168.0.54/192.168.0.54:6379, epid=0x1, chid=0x1] Completing command AsyncCommand [type=GET, output=ValueOutput [output=[B@542469d, error='null'], commandType=io.lettuce.core.protocol.Command] | [channel=0xd74e2851, /192.168.0.54:54180 -> 192.168.0.54/192.168.0.54:6379, epid=0x1] write() writeAndFlush command AsyncCommand [type=GET, output=ValueOutput [output=null, error='null'], commandType=io.lettuce.core.protocol.Command]",107.4044029451819,CRITICAL,15,DEBUG
41140,1.7900733824196984,0,INFO,0.0,0,0,0,0,2852,"[channel=0xd74e2851, /192.168.0.54:54180 -> 192.168.0.54/192.168.0.54:6379, epid=0x1, chid=0x1] write(ctx, AsyncCommand [type=GET, output=ValueOutput [output=null, error='null'], commandType=io.lettuce.core.protocol.Command], promise) | [channel=0xd74e2851, /192.168.0.54:54180 -> 192.168.0.54/192.168.0.54:6379] writing command AsyncCommand [type=GET, output=ValueOutput [output=null, error='null'], commandType=io.lettuce.core.protocol.Command] | dispatching command AsyncCommand [type=GET, output=ValueOutput [output=null, error='null'], commandType=io.lettuce.core.protocol.Command]",107.4044029451819,CRITICAL,15,DEBUG
41141,1.7900733824196984,0,INFO,0.0,0,0,0,0,2853,"[channel=0xd74e2851, /192.168.0.54:54180 -> 192.168.0.54/192.168.0.54:6379] writing command AsyncCommand [type=GET, output=ValueOutput [output=null, error='null'], commandType=io.lettuce.core.protocol.Command] | dispatching command AsyncCommand [type=GET, output=ValueOutput [output=null, error='null'], commandType=io.lettuce.core.protocol.Command] | [channel=0xd74e2851, /192.168.0.54:54180 -> 192.168.0.54/192.168.0.54:6379, epid=0x1, chid=0x1] write(ctx, AsyncCommand [type=GET, output=ValueOutput [output=null, error='null'], commandType=io.lettuce.core.protocol.Command], promise)",107.4044029451819,CRITICAL,15,DEBUG
41142,1.7900733824196984,0,INFO,0.0,0,0,0,0,2854,"dispatching command AsyncCommand [type=GET, output=ValueOutput [output=null, error='null'], commandType=io.lettuce.core.protocol.Command] | [channel=0xd74e2851, /192.168.0.54:54180 -> 192.168.0.54/192.168.0.54:6379, epid=0x1, chid=0x1] write(ctx, AsyncCommand [type=GET, output=ValueOutput [output=null, error='null'], commandType=io.lettuce.core.protocol.Command], promise) | [channel=0xd74e2851, /192.168.0.54:54180 -> 192.168.0.54/192.168.0.54:6379, epid=0x1, chid=0x1] Completing command AsyncCommand [type=GET, output=ValueOutput [output=[B@6ef69bc7, error='null'], commandType=io.lettuce.core.protocol.Command]",107.4044029451819,CRITICAL,15,DEBUG
41143,1.7900733824196984,0,INFO,0.0,0,0,0,0,2855,"[channel=0xd74e2851, /192.168.0.54:54180 -> 192.168.0.54/192.168.0.54:6379, epid=0x1, chid=0x1] write(ctx, AsyncCommand [type=GET, output=ValueOutput [output=null, error='null'], commandType=io.lettuce.core.protocol.Command], promise) | [channel=0xd74e2851, /192.168.0.54:54180 -> 192.168.0.54/192.168.0.54:6379, epid=0x1, chid=0x1] Completing command AsyncCommand [type=GET, output=ValueOutput [output=[B@6ef69bc7, error='null'], commandType=io.lettuce.core.protocol.Command] | [channel=0xd74e2851, /192.168.0.54:54180 -> 192.168.0.54/192.168.0.54:6379, epid=0x1] write() writeAndFlush command AsyncCommand [type=GET, output=ValueOutput [output=null, error='null'], commandType=io.lettuce.core.protocol.Command]",107.4044029451819,CRITICAL,15,DEBUG
41144,1.7900733824196984,0,INFO,0.0,0,0,0,0,2856,"[channel=0xd74e2851, /192.168.0.54:54180 -> 192.168.0.54/192.168.0.54:6379, epid=0x1, chid=0x1] Completing command AsyncCommand [type=GET, output=ValueOutput [output=[B@6ef69bc7, error='null'], commandType=io.lettuce.core.protocol.Command] | [channel=0xd74e2851, /192.168.0.54:54180 -> 192.168.0.54/192.168.0.54:6379, epid=0x1] write() writeAndFlush command AsyncCommand [type=GET, output=ValueOutput [output=null, error='null'], commandType=io.lettuce.core.protocol.Command] | [channel=0xd74e2851, /192.168.0.54:54180 -> 192.168.0.54/192.168.0.54:6379] writing command AsyncCommand [type=PTTL, output=IntegerOutput [output=null, error='null'], commandType=io.lettuce.core.protocol.Command]",107.4044029451819,CRITICAL,15,DEBUG
41145,1.7900733824196984,0,INFO,0.0,0,0,0,0,2857,"[channel=0xd74e2851, /192.168.0.54:54180 -> 192.168.0.54/192.168.0.54:6379, epid=0x1] write() writeAndFlush command AsyncCommand [type=GET, output=ValueOutput [output=null, error='null'], commandType=io.lettuce.core.protocol.Command] | [channel=0xd74e2851, /192.168.0.54:54180 -> 192.168.0.54/192.168.0.54:6379] writing command AsyncCommand [type=PTTL, output=IntegerOutput [output=null, error='null'], commandType=io.lettuce.core.protocol.Command] | dispatching command AsyncCommand [type=GET, output=ValueOutput [output=null, error='null'], commandType=io.lettuce.core.protocol.Command]",107.4044029451819,CRITICAL,15,DEBUG
41146,1.7900733824196984,0,INFO,0.0,0,0,0,0,2858,"[channel=0xd74e2851, /192.168.0.54:54180 -> 192.168.0.54/192.168.0.54:6379] writing command AsyncCommand [type=PTTL, output=IntegerOutput [output=null, error='null'], commandType=io.lettuce.core.protocol.Command] | dispatching command AsyncCommand [type=GET, output=ValueOutput [output=null, error='null'], commandType=io.lettuce.core.protocol.Command] | [channel=0xd74e2851, /192.168.0.54:54180 -> 192.168.0.54/192.168.0.54:6379, epid=0x1, chid=0x1] write(ctx, AsyncCommand [type=PTTL, output=IntegerOutput [output=null, error='null'], commandType=io.lettuce.core.protocol.Command], promise)",107.4044029451819,CRITICAL,15,DEBUG
41147,1.7900733824196984,0,INFO,0.0,0,0,0,0,2859,"dispatching command AsyncCommand [type=GET, output=ValueOutput [output=null, error='null'], commandType=io.lettuce.core.protocol.Command] | [channel=0xd74e2851, /192.168.0.54:54180 -> 192.168.0.54/192.168.0.54:6379, epid=0x1, chid=0x1] write(ctx, AsyncCommand [type=PTTL, output=IntegerOutput [output=null, error='null'], commandType=io.lettuce.core.protocol.Command], promise) | [channel=0xd74e2851, /192.168.0.54:54180 -> 192.168.0.54/192.168.0.54:6379, epid=0x1, chid=0x1] Completing command AsyncCommand [type=GET, output=ValueOutput [output=[B@542469d, error='null'], commandType=io.lettuce.core.protocol.Command]",107.4044029451819,CRITICAL,15,DEBUG
41149,1.7900733824196984,0,INFO,0.0,0,0,0,0,2860,"[channel=0xd74e2851, /192.168.0.54:54180 -> 192.168.0.54/192.168.0.54:6379, epid=0x1, chid=0x1] Completing command AsyncCommand [type=GET, output=ValueOutput [output=[B@542469d, error='null'], commandType=io.lettuce.core.protocol.Command] | [channel=0xd74e2851, /192.168.0.54:54180 -> 192.168.0.54/192.168.0.54:6379, epid=0x1] write() writeAndFlush command AsyncCommand [type=GET, output=ValueOutput [output=null, error='null'], commandType=io.lettuce.core.protocol.Command] | [channel=0xd74e2851, /192.168.0.54:54180 -> 192.168.0.54/192.168.0.54:6379] writing command AsyncCommand [type=GET, output=ValueOutput [output=null, error='null'], commandType=io.lettuce.core.protocol.Command]",107.4044029451819,CRITICAL,15,DEBUG
41150,1.7900733824196984,0,INFO,0.0,0,0,0,0,2862,"[channel=0xd74e2851, /192.168.0.54:54180 -> 192.168.0.54/192.168.0.54:6379, epid=0x1] write() writeAndFlush command AsyncCommand [type=GET, output=ValueOutput [output=null, error='null'], commandType=io.lettuce.core.protocol.Command] | [channel=0xd74e2851, /192.168.0.54:54180 -> 192.168.0.54/192.168.0.54:6379] writing command AsyncCommand [type=GET, output=ValueOutput [output=null, error='null'], commandType=io.lettuce.core.protocol.Command] | dispatching command AsyncCommand [type=GET, output=ValueOutput [output=null, error='null'], commandType=io.lettuce.core.protocol.Command]",107.4044029451819,CRITICAL,15,DEBUG
41151,1.7900733824196984,0,INFO,0.0,0,0,0,0,2863,"[channel=0xd74e2851, /192.168.0.54:54180 -> 192.168.0.54/192.168.0.54:6379] writing command AsyncCommand [type=GET, output=ValueOutput [output=null, error='null'], commandType=io.lettuce.core.protocol.Command] | dispatching command AsyncCommand [type=GET, output=ValueOutput [output=null, error='null'], commandType=io.lettuce.core.protocol.Command] | [channel=0xd74e2851, /192.168.0.54:54180 -> 192.168.0.54/192.168.0.54:6379, epid=0x1, chid=0x1] write(ctx, AsyncCommand [type=GET, output=ValueOutput [output=null, error='null'], commandType=io.lettuce.core.protocol.Command], promise)",107.4044029451819,CRITICAL,15,"TRACE, DEBUG"
41152,1.7900733824196984,0,INFO,0.0,0,0,0,0,2864,"dispatching command AsyncCommand [type=GET, output=ValueOutput [output=null, error='null'], commandType=io.lettuce.core.protocol.Command] | [channel=0xd74e2851, /192.168.0.54:54180 -> 192.168.0.54/192.168.0.54:6379, epid=0x1, chid=0x1] write(ctx, AsyncCommand [type=GET, output=ValueOutput [output=null, error='null'], commandType=io.lettuce.core.protocol.Command], promise) | Running with Spring Boot v2.7.12, Spring v5.3.27",107.4044029451819,CRITICAL,15,"TRACE, DEBUG"
41153,1.7900733824196984,0,INFO,0.0,0,0,0,0,2865,"[channel=0xd74e2851, /192.168.0.54:54180 -> 192.168.0.54/192.168.0.54:6379, epid=0x1, chid=0x1] write(ctx, AsyncCommand [type=GET, output=ValueOutput [output=null, error='null'], commandType=io.lettuce.core.protocol.Command], promise) | Running with Spring Boot v2.7.12, Spring v5.3.27 | Adding type registration short -> org.hibernate.type.ShortType@ba354ca",107.4044029451819,CRITICAL,15,"TRACE, DEBUG"
41268,1.4002027424166419,0,INFO,0.0,0,0,0,0,2870," | [channel=0x024cda84, /192.168.0.54:57564 -> 192.168.0.54/192.168.0.54:6379, epid=0x1, chid=0x1] write(ctx, AsyncCommand [type=GET, output=ValueOutput [output=null, error='null'], commandType=io.lettuce.core.protocol.Command], promise) | Converted value on extraction: C   -> kr.re.bbp.code.CodeValue@101f8",84.01216454499851,CRITICAL,15,DEBUG
41269,1.5134651609622658,0,INFO,0.0,0,0,0,0,2895,"[channel=0x024cda84, /192.168.0.54:57564 -> 192.168.0.54/192.168.0.54:6379, epid=0x1, chid=0x1] write(ctx, AsyncCommand [type=GET, output=ValueOutput [output=null, error='null'], commandType=io.lettuce.core.protocol.Command], promise) | Converted value on extraction: C   -> kr.re.bbp.code.CodeValue@101f8 | Converted value on extraction: C   -> kr.re.bbp.code.CodeValue@101f8",90.80790965773595,CRITICAL,15,DEBUG
36660,1.4002027424166419,0,INFO,0.0,0,0,0,0,3019,"[channel=0x3086d48a, /192.168.0.54:54904 -> 192.168.0.54/192.168.0.54:6379, epid=0x1, chid=0x1] Completing command AsyncCommand [type=GET, output=ValueOutput [output=null, error='null'], commandType=io.lettuce.core.protocol.Command] | binding parameter [2] as [VARCHAR] - [ROLE_AN] | Converted value on extraction: 303 -> kr.re.bbp.code.CodeValue@c7eb",84.01216454499851,CRITICAL,15,"TRACE, DEBUG"
49983,1.4343723957898105,0,INFO,0.0,0,0,0,0,3052,"[channel=0xcbfd2753, /192.168.0.54:52056 -> 192.168.0.54/192.168.0.54:6379, epid=0x1] write() writeAndFlush command AsyncCommand [type=GET, output=ValueOutput [output=null, error='null'], commandType=io.lettuce.core.protocol.Command] | extracted value ([col_3_0_] : [VARCHAR]) - [Project] | extracted value ([col_2_0_] : [VARCHAR]) - [Y]",86.06234374738862,CRITICAL,15,"TRACE, DEBUG"
49982,1.4343723957898105,0,INFO,0.0,0,0,0,0,3063,"[channel=0xcbfd2753, /192.168.0.54:52056 -> 192.168.0.54/192.168.0.54:6379, epid=0x1, chid=0x1] Received: 451 bytes, 1 commands in the stack | [channel=0xcbfd2753, /192.168.0.54:52056 -> 192.168.0.54/192.168.0.54:6379, epid=0x1] write() writeAndFlush command AsyncCommand [type=GET, output=ValueOutput [output=null, error='null'], commandType=io.lettuce.core.protocol.Command] | extracted value ([col_3_0_] : [VARCHAR]) - [Project]",86.06234374738862,CRITICAL,15,"TRACE, DEBUG"
49981,1.4343723957898105,0,INFO,0.0,0,0,0,0,3076,"DiscoveryClient_MANAGER/develop-server:manager:9003 - Heartbeat status: 200 | [channel=0xcbfd2753, /192.168.0.54:52056 -> 192.168.0.54/192.168.0.54:6379, epid=0x1, chid=0x1] Received: 451 bytes, 1 commands in the stack | [channel=0xcbfd2753, /192.168.0.54:52056 -> 192.168.0.54/192.168.0.54:6379, epid=0x1] write() writeAndFlush command AsyncCommand [type=GET, output=ValueOutput [output=null, error='null'], commandType=io.lettuce.core.protocol.Command]",86.06234374738862,CRITICAL,15,"TRACE, DEBUG"
54663,1.3960898908562165,0,INFO,0.0,0,0,0,0,3111,"[channel=0xf3fa6295, /192.168.0.54:57794 -> 192.168.0.54/192.168.0.54:6379, epid=0x1, chid=0x1] Completing command AsyncCommand [type=GET, output=ValueOutput [output=[B@6b01d216, error='null'], commandType=io.lettuce.core.protocol.Command] | [channel=0xf3fa6295, /192.168.0.54:57794 -> 192.168.0.54/192.168.0.54:6379, epid=0x1] write() done | extracted value ([menu_im11_15_] : [VARCHAR]) - [null]",83.76539345137299,CRITICAL,15,"TRACE, DEBUG"
49024,1.4343723957898105,0,INFO,0.0,0,0,0,0,3146,"[channel=0xcbfd2753, /192.168.0.54:52056 -> 192.168.0.54/192.168.0.54:6379, epid=0x1, chid=0x1] Completing command AsyncCommand [type=GET, output=ValueOutput [output=[B@2152619d, error='null'], commandType=io.lettuce.core.protocol.Command] | extracted value ([mdfr_id4_13_] : [VARCHAR]) - [admin] | extracted value ([reg_dt5_13_] : [TIMESTAMP]) - [2025-03-06T09:54:31.558937]",86.06234374738862,CRITICAL,15,"TRACE, DEBUG"
49062,1.405658949721876,0,INFO,0.0,0,0,0,0,3186,"binding parameter [2] as [VARCHAR] - [N] | extracted value ([col_0_0_] : [VARCHAR]) - [UP_MESSAGES] | [channel=0xcbfd2753, /192.168.0.54:52056 -> 192.168.0.54/192.168.0.54:6379] writing command AsyncCommand [type=GET, output=ValueOutput [output=null, error='null'], commandType=io.lettuce.core.protocol.Command]",84.33953698331257,CRITICAL,15,"TRACE, DEBUG"
49063,1.5542339961753708,0,INFO,0.0,0,0,0,0,3187,"extracted value ([col_0_0_] : [VARCHAR]) - [UP_MESSAGES] | [channel=0xcbfd2753, /192.168.0.54:52056 -> 192.168.0.54/192.168.0.54:6379] writing command AsyncCommand [type=GET, output=ValueOutput [output=null, error='null'], commandType=io.lettuce.core.protocol.Command] | binding parameter [2] as [VARCHAR] - [Y]",93.25403977052225,CRITICAL,15,"TRACE, DEBUG"
49064,1.5542339961753708,0,INFO,0.0,0,0,0,0,3188,"[channel=0xcbfd2753, /192.168.0.54:52056 -> 192.168.0.54/192.168.0.54:6379] writing command AsyncCommand [type=GET, output=ValueOutput [output=null, error='null'], commandType=io.lettuce.core.protocol.Command] | binding parameter [2] as [VARCHAR] - [Y] | [channel=0xcbfd2753, /192.168.0.54:52056 -> 192.168.0.54/192.168.0.54:6379, epid=0x1] write() done",93.25403977052225,CRITICAL,15,"TRACE, DEBUG"
49078,1.702809042628866,0,INFO,0.0,0,0,0,0,3202,"extracted value ([col_3_0_] : [VARCHAR]) - [N] | extracted value ([col_1_0_] : [VARCHAR]) - [RP_RSCH_RSRC] | dispatching command AsyncCommand [type=GET, output=ValueOutput [output=null, error='null'], commandType=io.lettuce.core.protocol.Command]",102.16854255773197,CRITICAL,15,"TRACE, DEBUG"
49079,1.702809042628866,0,INFO,0.0,0,0,0,0,3203,"extracted value ([col_1_0_] : [VARCHAR]) - [RP_RSCH_RSRC] | dispatching command AsyncCommand [type=GET, output=ValueOutput [output=null, error='null'], commandType=io.lettuce.core.protocol.Command] | extracted value ([col_0_0_] : [VARCHAR]) - [RP_WEB_ANLS]",102.16854255773197,CRITICAL,15,"TRACE, DEBUG"
49080,1.702809042628866,0,INFO,0.0,0,0,0,0,3204,"dispatching command AsyncCommand [type=GET, output=ValueOutput [output=null, error='null'], commandType=io.lettuce.core.protocol.Command] | extracted value ([col_0_0_] : [VARCHAR]) - [RP_WEB_ANLS] | extracted value ([col_1_0_] : [VARCHAR]) - [RP_ANLS_HUB]",102.16854255773197,CRITICAL,15,"TRACE, DEBUG"
49043,1.8513840890823607,0,INFO,0.0,0,0,0,0,3214,"extracted value ([col_0_0_] : [VARCHAR]) - [MP_MSG] | extracted value ([col_0_0_] : [VARCHAR]) - [MP_CLINIC_META_CD] | [channel=0xcbfd2753, /192.168.0.54:52056 -> 192.168.0.54/192.168.0.54:6379, epid=0x1] write() writeAndFlush command AsyncCommand [type=GET, output=ValueOutput [output=null, error='null'], commandType=io.lettuce.core.protocol.Command]",111.08304534494164,CRITICAL,15,"TRACE, DEBUG"
49044,1.8513840890823607,0,INFO,0.0,0,0,0,0,3215,"extracted value ([col_0_0_] : [VARCHAR]) - [MP_CLINIC_META_CD] | [channel=0xcbfd2753, /192.168.0.54:52056 -> 192.168.0.54/192.168.0.54:6379, epid=0x1] write() writeAndFlush command AsyncCommand [type=GET, output=ValueOutput [output=null, error='null'], commandType=io.lettuce.core.protocol.Command] | extracted value ([col_1_0_] : [VARCHAR]) - [ROLE_MP_SUPERADMIN]",111.08304534494164,CRITICAL,15,"TRACE, DEBUG"
49045,1.8513840890823607,0,INFO,0.0,0,0,0,0,3216,"[channel=0xcbfd2753, /192.168.0.54:52056 -> 192.168.0.54/192.168.0.54:6379, epid=0x1] write() writeAndFlush command AsyncCommand [type=GET, output=ValueOutput [output=null, error='null'], commandType=io.lettuce.core.protocol.Command] | extracted value ([col_1_0_] : [VARCHAR]) - [ROLE_MP_SUPERADMIN] | extracted value ([col_3_0_] : [VARCHAR]) - [N]",111.08304534494164,CRITICAL,15,"TRACE, DEBUG"
